-1011, 0.00460123, 0.114359, 0, 0, 0, 0.000164864, 12014
-1012, 0.00461608, 0.114315, 0, 0, 0, 0.000165251, 11927
-1021, 0.00453682, 0.111196, 0, 0, 0, 0.000143251, 12723
-1022, 0.00432624, 0.107505, 0, 0, 0, 0.000135287, 13631
-1031, 0.00471373, 0.117052, 0, 0, 0, 0.000168188, 11431
-1032, 0.00470867, 0.116221, 0, 0, 0, 0.000169789, 11588
-1041, 0.00508211, 0.123524, 0, 0, 0, 0.000148644, 10504
-1042, 0.00481395, 0.116964, 0, 0, 0, 0.00014387, 11562
-1051, 0.00472719, 0.11714, 0, 0, 0, 0.000168259, 11342
-1052, 0.0047945, 0.119617, 0, 0, 0, 0.000172418, 11077
-1091, 0.00457733, 0.11374, 0, 0, 0, 0.000164873, 12118
-1092, 0.00464161, 0.116006, 0, 0, 0, 0.00017256, 11653
-1101, 0.00445256, 0.110497, 0, 0, 0, 0.000136241, 12901
-1102, 0.00455063, 0.112261, 0, 0, 0, 0.000139386, 12327
-1111, 0.00467639, 0.116293, 0, 0, 0, 0.000167635, 11726
-1112, 0.00484641, 0.124417, 0, 0, 0, 0.000181422, 10930
-1121, 0.0044352, 0.108986, 0, 0, 0, 0.000137774, 12961
-1122, 0.00579979, 0.136781, 0, 0, 0, 0.000161112, 9436
-1131, 0.018309, 0.412615, 0, 0, 0, 0.000655637, 855
-1132, 0.00477884, 0.118407, 0, 0, 0, 0.000170008, 11129
-1141, 0.00442657, 0.109074, 0, 0, 0, 0.000137086, 13131
-1142, 0.00449337, 0.111932, 0, 0, 0, 0.000137764, 12854
-1151, 0.00605452, 0.141275, 0, 0, 0, 0.000210235, 7570
-1152, 0.00478555, 0.118899, 0, 0, 0, 0.000171343, 11113
-1161, 0.00469236, 0.113815, 0, 0, 0, 0.000146832, 12018
-1162, 0.00459283, 0.113401, 0, 0, 0, 0.000141829, 12294
-1171, 0.00486208, 0.121482, 0, 0, 0, 0.00017775, 10925
-1172, 0.00490616, 0.123642, 0, 0, 0, 0.000177917, 10479
-1181, 0.00442575, 0.108976, 0, 0, 0, 0.000138335, 13079
-1182, 0.00467646, 0.116782, 0, 0, 0, 0.000147152, 11537
-1191, 0.00476609, 0.119328, 0, 0, 0, 0.000169122, 11146
-1192, 0.00495171, 0.124616, 0, 0, 0, 0.000175543, 10272
-1201, 0.00437057, 0.108121, 0, 0, 0, 0.000136476, 13357
-1202, 0.0043811, 0.107971, 0, 0, 0, 0.000137048, 13374
-1211, 0.00473628, 0.119005, 0, 0, 0, 0.000174235, 11542
-1212, 0.0045945, 0.114511, 0, 0, 0, 0.000166244, 12077
-1221, 0.00593159, 0.167498, 0, 0, 0, 0.000170006, 9286
-1222, 0.00434077, 0.108164, 0, 0, 0, 0.000135187, 13489
-1231, 0.00474677, 0.117798, 0, 0, 0, 0.000171379, 11218
-1232, 0.00460561, 0.11415, 0, 0, 0, 0.000165972, 12015
-1241, 0.00437113, 0.108633, 0, 0, 0, 0.000134971, 13429
-1242, 0.0043966, 0.108918, 0, 0, 0, 0.000135803, 13294
-1251, 0.00487334, 0.121097, 0, 0, 0, 0.000176783, 10566
-1252, 0.129271, 3.20076, 0, 0, 0, 0.00573201, 20
-1261, 0.00430213, 0.105503, 0, 0, 0, 0.000133936, 13911
-1262, 0.00450259, 0.107954, 0, 0, 0, 0.000141125, 12918
-1271, 0.00481855, 0.119061, 0, 0, 0, 0.000171103, 10951
-1272, 0.00459165, 0.11325, 0, 0, 0, 0.00016423, 12083
-1281, 0.00455646, 0.109189, 0, 0, 0, 0.000139105, 12594
-1282, 0.00434581, 0.107282, 0, 0, 0, 0.000134182, 13577
-1291, 0.00717182, 0.17998, 0, 0, 0, 0.000212706, 6892
-1292, 0.00635207, 0.179774, 0, 0, 0, 0.000206907, 8100
-1301, 0.00459841, 0.112974, 0, 0, 0, 0.000142753, 12281
-1302, 0.00444637, 0.110586, 0, 0, 0, 0.000139229, 13015
-1311, 0.00463445, 0.114897, 0, 0, 0, 0.000167375, 11915
-1312, 0.00472217, 0.116567, 0, 0, 0, 0.000171144, 11580
-1321, 0.00439908, 0.108377, 0, 0, 0, 0.000136884, 13277
-1322, 0.0055412, 0.154971, 0, 0, 0, 0.000167867, 8955
-1331, 0.0048441, 0.120115, 0, 0, 0, 0.000179177, 10774
-1332, 0.00463513, 0.11482, 0, 0, 0, 0.00016692, 11847
-1341, 0.00464825, 0.117421, 0, 0, 0, 0.000151045, 11998
-1342, 0.00437846, 0.107635, 0, 0, 0, 0.000137239, 13329
-1351, 0.00466941, 0.116373, 0, 0, 0, 0.000168197, 11678
-1352, 0.0048314, 0.119418, 0, 0, 0, 0.000174063, 10919
-1361, 0.00452777, 0.113804, 0, 0, 0, 0.000143367, 12747
-1362, 0.00431829, 0.107232, 0, 0, 0, 0.000133734, 13685
1011, 0.00453006, 0.112461, 0, 0, 0, 0.000162661, 12413
1012, 0.00454915, 0.112825, 0, 0, 0, 0.000163727, 12328
1021, 0.00425287, 0.105164, 0, 0, 0, 0.00013213, 14091
1022, 0.00442565, 0.111787, 0, 0, 0, 0.000138214, 13020
1031, 0.0046469, 0.115931, 0, 0, 0, 0.000165892, 11750
1032, 0.00467546, 0.117128, 0, 0, 0, 0.000166608, 11618
1041, 0.00434491, 0.107789, 0, 0, 0, 0.000135402, 13525
1042, 0.00434559, 0.107273, 0, 0, 0, 0.000134944, 13520
1051, 0.00576122, 0.157909, 0, 0, 0, 0.000198909, 8947
1052, 0.00458877, 0.113724, 0, 0, 0, 0.00016664, 12015
1061, 0.00448641, 0.10983, 0, 0, 0, 0.000140299, 12711
1062, 0.00442345, 0.108302, 0, 0, 0, 0.000138696, 13058
1071, 0.00465003, 0.114435, 0, 0, 0, 0.000168124, 11709
1072, 0.0047193, 0.116682, 0, 0, 0, 0.00017542, 11269
1081, 0.00432474, 0.106995, 0, 0, 0, 0.000134522, 13703
1082, 0.00433728, 0.107152, 0, 0, 0, 0.000134811, 13649
1091, 0.00473591, 0.116854, 0, 0, 0, 0.000170377, 11257
1092, 0.0051486, 0.126594, 0, 0, 0, 0.000186828, 9434
1102, 0.00453712, 0.111591, 0, 0, 0, 0.000140937, 12471
1111, 0.00476964, 0.117974, 0, 0, 0, 0.000172939, 11302
1112, 0.00470495, 0.116993, 0, 0, 0, 0.000166417, 11522
1121, 0.00619012, 0.140235, 0, 0, 0, 0.000193833, 7565
1122, 0.00501113, 0.111559, 0, 0, 0, 0.000144948, 10583
1131, 0.00458332, 0.114301, 0, 0, 0, 0.000164854, 12099
1132, 0.00459387, 0.114778, 0, 0, 0, 0.000165276, 12047
1141, 0.004462, 0.108664, 0, 0, 0, 0.000138847, 13055
1142, 0.0047263, 0.109154, 0, 0, 0, 0.00014727, 12151
1151, 0.00513455, 0.127076, 0, 0, 0, 0.00017938, 9787
1152, 0.00533378, 0.130485, 0, 0, 0, 0.000185657, 9180
1161, 0.00434445, 0.107248, 0, 0, 0, 0.000135339, 13627
1162, 0.00435065, 0.107433, 0, 0, 0, 0.000135547, 13562
1171, 0.00514396, 0.122475, 0, 0, 0, 0.000177348, 9614
1172, 0.005104, 0.120947, 0, 0, 0, 0.000176295, 9819
1181, 0.00446956, 0.109394, 0, 0, 0, 0.00014112, 12969
1182, 0.00467468, 0.112916, 0, 0, 0, 0.000147979, 12207
1191, 0.00460852, 0.114373, 0, 0, 0, 0.000164752, 12041
1201, 0.00435618, 0.107411, 0, 0, 0, 0.000134809, 13551
1202, 0.0059272, 0.167767, 0, 0, 0, 0.000167453, 9428
1211, 0.00450268, 0.111919, 0, 0, 0, 0.000161286, 12551
1212, 0.00451342, 0.112156, 0, 0, 0, 0.000161909, 12505
1221, 0.0043676, 0.10772, 0, 0, 0, 0.000135854, 13485
1222, 0.00447484, 0.110671, 0, 0, 0, 0.000145004, 12577
1231, 0.0047687, 0.115435, 0, 0, 0, 0.000170046, 11322
1232, 0.00725454, 0.176714, 0, 0, 0, 0.000210043, 6537
1241, 0.00439248, 0.109106, 0, 0, 0, 0.000136073, 13234
1251, 0.00465771, 0.115828, 0, 0, 0, 0.000167396, 11719
1252, 0.00475656, 0.119615, 0, 0, 0, 0.000170681, 11182
1261, 0.00717744, 0.157287, 0, 0, 0, 0.000217706, 7910
1262, 0.0047807, 0.118834, 0, 0, 0, 0.000145289, 11142
1271, 0.00462534, 0.114746, 0, 0, 0, 0.000165476, 11968
1272, 0.00466787, 0.115827, 0, 0, 0, 0.000166421, 11685
1281, 0.00432963, 0.106628, 0, 0, 0, 0.000134881, 13589
1282, 0.0046378, 0.116327, 0, 0, 0, 0.000146809, 11801
1291, 0.00459712, 0.114772, 0, 0, 0, 0.000166782, 11983
1292, 0.00460238, 0.11482, 0, 0, 0, 0.00016716, 11945
1301, 0.00443385, 0.108574, 0, 0, 0, 0.000139711, 13060
1302, 0.00465722, 0.109758, 0, 0, 0, 0.000143409, 11950
1311, 0.00453928, 0.112674, 0, 0, 0, 0.000164017, 12354
1312, 0.00455559, 0.113362, 0, 0, 0, 0.000164653, 12265
1321, 0.00435056, 0.107086, 0, 0, 0, 0.000135317, 13597
1322, 0.0043128, 0.106657, 0, 0, 0, 0.000134346, 13782
1331, 0.00467126, 0.116369, 0, 0, 0, 0.000173699, 11767
1332, 0.00466209, 0.114977, 0, 0, 0, 0.000168889, 11734
1341, 0.00443889, 0.108383, 0, 0, 0, 0.000138171, 13174
1342, 0.00471905, 0.112742, 0, 0, 0, 0.000146345, 11950
1351, 0.00482943, 0.120431, 0, 0, 0, 0.000172708, 10879
1352, 0.00461006, 0.114797, 0, 0, 0, 0.000167107, 11926
1361, 0.00602117, 0.13956, 0, 0, 0, 0.00016883, 9138
1362, 0.00454792, 0.113833, 0, 0, 0, 0.000141786, 12879
