-1011, 0.00470697, 0.116567, 0, 0, 0, 0.000168917, 11463
-1012, 0.00472594, 0.116876, 0, 0, 0, 0.000169453, 11357
-1021, 0.00463631, 0.114015, 0, 0, 0, 0.000146938, 12140
-1022, 0.00442526, 0.110236, 0, 0, 0, 0.000138887, 13029
-1031, 0.00482378, 0.119905, 0, 0, 0, 0.000172102, 10924
-1032, 0.00481697, 0.119117, 0, 0, 0, 0.000173472, 11075
-1041, 0.00515763, 0.125488, 0, 0, 0, 0.000151468, 10210
-1042, 0.00488256, 0.119011, 0, 0, 0, 0.000146293, 11175
-1051, 0.00484206, 0.119791, 0, 0, 0, 0.000172607, 10806
-1052, 0.00492562, 0.122977, 0, 0, 0, 0.000176433, 10505
-1091, 0.00462618, 0.115091, 0, 0, 0, 0.00016698, 11865
-1092, 0.00468116, 0.117117, 0, 0, 0, 0.00017417, 11454
-1101, 0.00447177, 0.111391, 0, 0, 0, 0.000137363, 12781
-1102, 0.00457996, 0.113011, 0, 0, 0, 0.000140615, 12178
-1111, 0.00471658, 0.117099, 0, 0, 0, 0.000169725, 11536
-1112, 0.00489977, 0.125089, 0, 0, 0, 0.000183845, 10743
-1121, 0.00448265, 0.110251, 0, 0, 0, 0.00013911, 12695
-1122, 0.00584407, 0.137867, 0, 0, 0, 0.000162245, 9258
-1131, 0.0188417, 0.420077, 0, 0, 0, 0.000674797, 817
-1132, 0.00483827, 0.119603, 0, 0, 0, 0.000172436, 10880
-1141, 0.00444148, 0.109483, 0, 0, 0, 0.000137837, 13048
-1142, 0.00451529, 0.112526, 0, 0, 0, 0.000138458, 12753
-1151, 0.00607599, 0.141791, 0, 0, 0, 0.000210671, 7531
-1152, 0.00480563, 0.119599, 0, 0, 0, 0.000172453, 11013
-1161, 0.00469475, 0.113979, 0, 0, 0, 0.000146802, 12000
-1162, 0.0045968, 0.113419, 0, 0, 0, 0.000141987, 12272
-1171, 0.00488074, 0.12196, 0, 0, 0, 0.000178977, 10848
-1172, 0.00492069, 0.123864, 0, 0, 0, 0.00017854, 10429
-1181, 0.00444134, 0.109419, 0, 0, 0, 0.000138926, 13006
-1182, 0.00468952, 0.116957, 0, 0, 0, 0.000147481, 11483
-1191, 0.00478116, 0.119597, 0, 0, 0, 0.000170009, 11085
-1192, 0.00496896, 0.124991, 0, 0, 0, 0.00017689, 10213
-1201, 0.00440065, 0.108765, 0, 0, 0, 0.000137816, 13199
-1202, 0.00440581, 0.108529, 0, 0, 0, 0.000137985, 13236
-1211, 0.0047671, 0.119624, 0, 0, 0, 0.000175713, 11406
-1212, 0.00462596, 0.115257, 0, 0, 0, 0.000167658, 11926
-1221, 0.0059274, 0.167407, 0, 0, 0, 0.000170711, 9214
-1222, 0.00436945, 0.108834, 0, 0, 0, 0.000136333, 13333
-1231, 0.00475268, 0.117913, 0, 0, 0, 0.000171668, 11197
-1232, 0.00461722, 0.114306, 0, 0, 0, 0.000166509, 11975
-1241, 0.00439563, 0.10914, 0, 0, 0, 0.000135717, 13305
-1242, 0.00440044, 0.108965, 0, 0, 0, 0.000135996, 13285
-1251, 0.00488194, 0.121141, 0, 0, 0, 0.000177408, 10535
-1252, 0.129018, 3.20022, 0, 0, 0, 0.00574067, 20
-1261, 0.00430282, 0.105493, 0, 0, 0, 0.000133965, 13906
-1262, 0.00450457, 0.108152, 0, 0, 0, 0.00014125, 12896
-1271, 0.00482819, 0.119229, 0, 0, 0, 0.00017205, 10919
-1272, 0.00461115, 0.113534, 0, 0, 0, 0.000165574, 12010
-1281, 0.0045766, 0.109567, 0, 0, 0, 0.000139865, 12506
-1282, 0.00436527, 0.107704, 0, 0, 0, 0.000134712, 13466
-1291, 0.00725489, 0.181782, 0, 0, 0, 0.000213667, 6722
-1292, 0.00633921, 0.180118, 0, 0, 0, 0.000209071, 8026
-1301, 0.0046595, 0.114379, 0, 0, 0, 0.00014484, 12016
-1302, 0.00449582, 0.111579, 0, 0, 0, 0.000141027, 12750
-1311, 0.00466115, 0.115681, 0, 0, 0, 0.000168553, 11779
-1312, 0.00474848, 0.117207, 0, 0, 0, 0.000172439, 11454
-1321, 0.00441436, 0.108613, 0, 0, 0, 0.000137423, 13175
-1322, 0.00562277, 0.156764, 0, 0, 0, 0.000168921, 8780
-1331, 0.00489825, 0.121366, 0, 0, 0, 0.000181545, 10537
-1332, 0.00469901, 0.116451, 0, 0, 0, 0.000169851, 11510
-1341, 0.00468658, 0.118573, 0, 0, 0, 0.00015279, 11766
-1342, 0.00442101, 0.1085, 0, 0, 0, 0.000138738, 13077
-1351, 0.00477565, 0.119083, 0, 0, 0, 0.000172214, 11164
-1352, 0.00495371, 0.122385, 0, 0, 0, 0.000178532, 10382
-1361, 0.00462201, 0.1159, 0, 0, 0, 0.00014725, 12253
-1362, 0.00440827, 0.109277, 0, 0, 0, 0.000136916, 13143
1011, 0.00457112, 0.113603, 0, 0, 0, 0.000164462, 12186
1012, 0.00457647, 0.113574, 0, 0, 0, 0.000164943, 12147
1021, 0.00427147, 0.106037, 0, 0, 0, 0.000132782, 13947
1022, 0.00443385, 0.112658, 0, 0, 0, 0.000138755, 12944
1031, 0.00469672, 0.117468, 0, 0, 0, 0.000167607, 11483
1032, 0.00472481, 0.118473, 0, 0, 0, 0.000168408, 11352
1041, 0.00435622, 0.107871, 0, 0, 0, 0.000135639, 13430
1042, 0.00435714, 0.10767, 0, 0, 0, 0.000135415, 13422
1051, 0.00597772, 0.164171, 0, 0, 0, 0.00020411, 8457
1052, 0.00467471, 0.116116, 0, 0, 0, 0.000169814, 11572
1061, 0.00449746, 0.110354, 0, 0, 0, 0.0001405, 12616
1062, 0.00444247, 0.108856, 0, 0, 0, 0.000139292, 12927
1071, 0.00467126, 0.115264, 0, 0, 0, 0.000168824, 11580
1072, 0.00473958, 0.117252, 0, 0, 0, 0.000176263, 11167
1081, 0.00433639, 0.107383, 0, 0, 0, 0.00013492, 13618
1082, 0.00435241, 0.107606, 0, 0, 0, 0.000135418, 13537
1091, 0.00476379, 0.117378, 0, 0, 0, 0.000171586, 11122
1092, 0.00518206, 0.127335, 0, 0, 0, 0.000188402, 9312
1102, 0.00458935, 0.112701, 0, 0, 0, 0.000142474, 12216
1111, 0.00479952, 0.118682, 0, 0, 0, 0.000173869, 11166
1112, 0.00474985, 0.118117, 0, 0, 0, 0.000168166, 11307
1121, 0.0062229, 0.141133, 0, 0, 0, 0.000194729, 7494
1122, 0.00503176, 0.111967, 0, 0, 0, 0.00014564, 10502
1131, 0.00458307, 0.114392, 0, 0, 0, 0.000164826, 12096
1132, 0.00459733, 0.114873, 0, 0, 0, 0.000165333, 12027
1141, 0.00449292, 0.109358, 0, 0, 0, 0.000139818, 12902
1142, 0.00475614, 0.109715, 0, 0, 0, 0.000148278, 12046
1151, 0.0051478, 0.127581, 0, 0, 0, 0.000180024, 9720
1152, 0.00533306, 0.131001, 0, 0, 0, 0.000185416, 9156
1161, 0.00438498, 0.108109, 0, 0, 0, 0.000136641, 13387
1162, 0.00439885, 0.108659, 0, 0, 0, 0.000136792, 13288
1171, 0.00520709, 0.124095, 0, 0, 0, 0.000179176, 9383
1172, 0.00515447, 0.122217, 0, 0, 0, 0.000177583, 9640
1181, 0.00449763, 0.110602, 0, 0, 0, 0.000142146, 12777
1182, 0.00470791, 0.114095, 0, 0, 0, 0.00014928, 12026
1191, 0.00462256, 0.114967, 0, 0, 0, 0.000165224, 11926
1201, 0.00436705, 0.107763, 0, 0, 0, 0.000135483, 13445
1202, 0.00608445, 0.171633, 0, 0, 0, 0.000169762, 9205
1211, 0.00455637, 0.11362, 0, 0, 0, 0.000163494, 12235
1212, 0.00456189, 0.113691, 0, 0, 0, 0.00016416, 12207
1221, 0.00439648, 0.108516, 0, 0, 0, 0.000137012, 13266
1222, 0.00451061, 0.111646, 0, 0, 0, 0.000146514, 12369
1231, 0.00482762, 0.117226, 0, 0, 0, 0.000172889, 11005
1232, 0.0074539, 0.180736, 0, 0, 0, 0.000214894, 6185
1241, 0.00442159, 0.109666, 0, 0, 0, 0.000136885, 13043
1251, 0.00469712, 0.117019, 0, 0, 0, 0.000169077, 11495
1252, 0.00479476, 0.120671, 0, 0, 0, 0.000172096, 10986
1261, 0.00726115, 0.158231, 0, 0, 0, 0.000220167, 7778
1262, 0.00478945, 0.118863, 0, 0, 0, 0.000145905, 11073
1271, 0.00463736, 0.114872, 0, 0, 0, 0.000165821, 11887
1272, 0.00468427, 0.116207, 0, 0, 0, 0.000167016, 11592
1281, 0.00437652, 0.108036, 0, 0, 0, 0.00013649, 13317
1282, 0.00467161, 0.117492, 0, 0, 0, 0.000147861, 11627
1291, 0.00463699, 0.115641, 0, 0, 0, 0.00016833, 11797
1292, 0.00463444, 0.115478, 0, 0, 0, 0.00016839, 11792
1301, 0.00445252, 0.109139, 0, 0, 0, 0.000140309, 12960
1302, 0.00467893, 0.110316, 0, 0, 0, 0.000144395, 11842
1311, 0.0045444, 0.11288, 0, 0, 0, 0.000164402, 12330
1312, 0.004554, 0.113328, 0, 0, 0, 0.000164442, 12276
1321, 0.00436193, 0.10738, 0, 0, 0, 0.000136008, 13529
1322, 0.00431824, 0.106769, 0, 0, 0, 0.000134511, 13750
1331, 0.00471554, 0.117162, 0, 0, 0, 0.00017536, 11578
1332, 0.00469681, 0.115694, 0, 0, 0, 0.000170007, 11577
1341, 0.00447138, 0.109131, 0, 0, 0, 0.000139276, 13001
1342, 0.00474722, 0.113311, 0, 0, 0, 0.000147542, 11833
1351, 0.00486296, 0.121445, 0, 0, 0, 0.000173993, 10730
1352, 0.00463545, 0.115474, 0, 0, 0, 0.000168116, 11790
1361, 0.00612589, 0.141018, 0, 0, 0, 0.000171815, 8921
1362, 0.00459031, 0.114514, 0, 0, 0, 0.000142889, 12677
