-1011, -0.0151042, -0.0748293, 0, 0, 0, 0.000342454, 12014
-1012, -0.0172185, -0.0415856, 0, 0, 0, 0.000424733, 11927
-1021, 0.00779417, 0.00361686, 0, 0, 0, -0.000344563, 12723
-1022, 0.0108335, 0.00371808, 0, 0, 0, -0.000368231, 13631
-1031, -0.0112916, 0.100719, 0, 0, 0, 0.000266786, 11431
-1032, -0.00824958, 0.0930603, 0, 0, 0, 0.000275395, 11588
-1041, 0.00849658, 0.128887, 0, 0, 0, -0.000402157, 10504
-1042, 0.0050706, 0.156955, 0, 0, 0, -0.000224515, 11562
-1051, -0.0135429, 0.0159943, 0, 0, 0, 0.00018473, 11342
-1052, -0.00958471, -0.0136746, 0, 0, 0, 0.000191551, 11077
-1091, -0.0159105, -0.0917125, 0, 0, 0, 0.000250732, 12118
-1092, -0.0154749, -0.0775119, 0, 0, 0, 0.000388916, 11653
-1101, 0.0133252, -0.0381418, 0, 0, 0, -0.000254564, 12901
-1102, 0.0165894, -0.0956413, 0, 0, 0, -0.000395551, 12327
-1111, -0.0198425, 0.00473634, 0, 0, 0, 0.00039384, 11726
-1112, -0.0204303, 0.0153561, 0, 0, 0, 0.000380418, 10930
-1121, 0.0149003, -0.0548338, 0, 0, 0, -0.000114991, 12961
-1122, 0.00970406, -0.0270688, 0, 0, 0, -2.67969e-05, 9436
-1131, -0.0271052, -0.0530456, 0, 0, 0, 0.000479376, 855
-1132, -0.0185109, -0.0322159, 0, 0, 0, 0.000211544, 11129
-1141, 0.0114973, -0.0599646, 0, 0, 0, -0.000185919, 13131
-1142, 0.0148424, -0.0648651, 0, 0, 0, -0.000177817, 12854
-1151, -0.02457, -0.00845426, 0, 0, 0, 0.000411717, 7570
-1152, -0.0137771, -0.043051, 0, 0, 0, 0.000221981, 11113
-1161, 0.00849705, 0.0532043, 0, 0, 0, -0.000111525, 12018
-1162, 0.00969502, -0.00505952, 0, 0, 0, -0.000119659, 12294
-1171, -0.00752321, 0.0461459, 0, 0, 0, 0.000365137, 10925
-1172, -0.00770705, 0.0204524, 0, 0, 0, 0.000415916, 10479
-1181, 0.00767405, 0.0703897, 0, 0, 0, -0.000229651, 13079
-1182, 0.00854071, 0.0936241, 0, 0, 0, -0.000154526, 11537
-1191, -0.0107738, -0.0353457, 0, 0, 0, 0.000373432, 11146
-1192, -0.0136014, -0.0193317, 0, 0, 0, 0.000415897, 10272
-1201, 0.0086513, 0.0279092, 0, 0, 0, -0.000416605, 13357
-1202, 0.00970315, 0.0317924, 0, 0, 0, -0.000402977, 13374
-1211, -0.00174768, 0.101622, 0, 0, 0, 0.00025439, 11542
-1212, -0.00222839, 0.0715462, 0, 0, 0, 0.000264173, 12077
-1221, 0.00493384, 0.0626387, 0, 0, 0, -0.000110482, 9286
-1222, 0.00328171, 0.0324703, 0, 0, 0, -0.000256237, 13489
-1231, -0.010101, 0.0926171, 0, 0, 0, 0.000361301, 11218
-1232, -0.0104669, 0.106877, 0, 0, 0, 0.000468161, 12015
-1241, 0.00192787, 0.0334051, 0, 0, 0, -0.000329425, 13429
-1242, 0.00551363, 0.038108, 0, 0, 0, -0.000289598, 13294
-1251, -0.00150305, -0.0157424, 0, 0, 0, 0.000280568, 10566
-1252, -1.79581, 67.1477, 0, 0, 0, 0.0245488, 20
-1261, 0.00542962, 0.106079, 0, 0, 0, -0.000252555, 13911
-1262, 0.00515794, 0.125957, 0, 0, 0, -0.000142168, 12918
-1271, -0.004117, 0.0470401, 0, 0, 0, 0.000533668, 10951
-1272, -0.00717481, -0.00204154, 0, 0, 0, 0.000478183, 12083
-1281, 0.00715333, 0.155213, 0, 0, 0, -0.000153913, 12594
-1282, 0.00545285, 0.16713, 0, 0, 0, -8.41646e-05, 13577
-1291, -0.00890301, 0.0322505, 0, 0, 0, 0.000647602, 6892
-1292, -0.0232232, -0.157646, 0, 0, 0, 0.000579275, 8100
-1301, 0.0114054, 0.123529, 0, 0, 0, -0.000125729, 12281
-1302, 0.00964997, 0.0949573, 0, 0, 0, -9.69204e-05, 13015
-1311, -0.0200839, 0.00846687, 0, 0, 0, 0.000454784, 11915
-1312, -0.021039, 0.0486056, 0, 0, 0, 0.000430647, 11580
-1321, 0.0210028, 0.0531486, 0, 0, 0, -0.000393596, 13277
-1322, 0.0166697, -0.0861963, 0, 0, 0, -0.000319883, 8955
-1331, -0.0162193, -0.0159023, 0, 0, 0, 0.000303577, 10774
-1332, -0.0151737, 0.0319837, 0, 0, 0, 0.000384342, 11847
-1341, 0.00283416, 0.385765, 0, 0, 0, -7.16169e-05, 11998
-1342, 0.00971308, 0.0364263, 0, 0, 0, -0.000340091, 13329
-1351, -0.0116232, 0.119303, 0, 0, 0, 0.000309836, 11678
-1352, -0.0132383, 0.0878709, 0, 0, 0, 0.00031491, 10919
-1361, 0.0166404, 0.117665, 0, 0, 0, -0.000493417, 12747
-1362, 0.0139165, 0.131968, 0, 0, 0, -0.000475488, 13685
1011, 0.0181829, -0.00241415, 0, 0, 0, -6.39475e-05, 12413
1012, 0.0166664, 0.00404305, 0, 0, 0, -1.82688e-05, 12328
1021, -0.00892856, 0.162715, 0, 0, 0, 8.69251e-05, 14091
1022, -0.00989318, 0.192817, 0, 0, 0, -2.38042e-05, 13020
1031, 0.0118223, 0.0863148, 0, 0, 0, 4.6754e-05, 11750
1032, 0.0120435, 0.0559256, 0, 0, 0, 5.90336e-05, 11618
1041, -0.012387, -0.051676, 0, 0, 0, 0.000109819, 13525
1042, -0.00960593, -0.0637639, 0, 0, 0, 8.84933e-05, 13520
1051, 0.0108833, 0.0444394, 0, 0, 0, -0.000204512, 8947
1052, 0.0104124, 0.113144, 0, 0, 0, -0.000141052, 12015
1061, -0.00791929, -0.0637707, 0, 0, 0, -0.000116196, 12711
1062, -0.0103749, -0.0897629, 0, 0, 0, -1.79227e-05, 13058
1071, 0.0254209, 0.0435388, 0, 0, 0, 8.73441e-05, 11709
1072, 0.0242772, 0.0370944, 0, 0, 0, 0.000130724, 11269
1081, -0.0197651, -0.0446332, 0, 0, 0, 8.23807e-05, 13703
1082, -0.0202808, -0.054847, 0, 0, 0, 9.98439e-05, 13649
1091, 0.0229626, -0.0725345, 0, 0, 0, -0.000123278, 11257
1092, 0.0199059, -0.0604814, 0, 0, 0, -0.000146883, 9434
1102, -0.016216, -0.00871452, 0, 0, 0, -0.000134465, 12471
1111, 0.0173517, -0.153733, 0, 0, 0, 0.000117185, 11302
1112, 0.0176733, -0.139777, 0, 0, 0, 8.54716e-05, 11522
1121, -0.00906114, -0.0969555, 0, 0, 0, -0.000200994, 7565
1122, -0.00949234, -0.00187538, 0, 0, 0, -0.000253212, 10583
1131, 0.0124603, -0.0686878, 0, 0, 0, 7.29563e-05, 12099
1132, 0.0113907, -0.0810903, 0, 0, 0, 2.94375e-05, 12047
1141, 0.00167639, -0.0419323, 0, 0, 0, -0.00023661, 13055
1142, 0.00294848, -0.0583786, 0, 0, 0, -0.00027286, 12151
1151, 0.00731256, -0.130653, 0, 0, 0, -0.000373311, 9787
1152, 0.00688079, -0.0641472, 0, 0, 0, -0.000309497, 9180
1161, 0.00664945, -0.192578, 0, 0, 0, 0.000240517, 13627
1162, 0.00579338, -0.180329, 0, 0, 0, 0.000180409, 13562
1171, -0.0105143, -0.0572765, 0, 0, 0, 2.63252e-05, 9614
1172, -0.00640487, -0.048205, 0, 0, 0, -9.86255e-05, 9819
1181, 0.0154281, -0.103467, 0, 0, 0, -0.000229702, 12969
1182, 0.0103567, -0.0649437, 0, 0, 0, -8.81082e-05, 12207
1191, -0.0134443, -0.0365907, 0, 0, 0, -0.00015917, 12041
1201, 0.0209998, -0.0797656, 0, 0, 0, -4.64883e-05, 13551
1202, 0.018762, -0.163617, 0, 0, 0, 1.5989e-05, 9428
1211, -0.0228237, -0.00617676, 0, 0, 0, 2.3005e-05, 12551
1212, -0.0225831, 0.0515003, 0, 0, 0, 8.05997e-05, 12505
1221, 0.0289292, -0.0129801, 0, 0, 0, -0.000298325, 13485
1222, 0.0298987, 0.00501546, 0, 0, 0, -0.000328043, 12577
1231, -0.0300269, 0.0296137, 0, 0, 0, 0.000273953, 11322
1232, -0.031158, -0.0937642, 0, 0, 0, 0.000445291, 6537
1241, 0.0213224, 0.0671689, 0, 0, 0, -7.93442e-05, 13234
1251, -0.0307292, -0.0310015, 0, 0, 0, 0.000150855, 11719
1252, -0.0298953, -0.0315604, 0, 0, 0, 0.000159137, 11182
1261, 0.0318765, 0.0264186, 0, 0, 0, -2.85441e-05, 7910
1262, 0.0297204, 0.0249002, 0, 0, 0, 7.29002e-05, 11142
1271, -0.0297522, 0.0858021, 0, 0, 0, -2.84674e-05, 11968
1272, -0.0286172, 0.103194, 0, 0, 0, -7.58845e-07, 11685
1281, 0.0230023, 0.170927, 0, 0, 0, -0.000213482, 13589
1282, 0.028554, 0.189489, 0, 0, 0, -0.000123197, 11801
1291, -0.0147777, 0.0542835, 0, 0, 0, 0.000105311, 11983
1292, -0.013962, 0.116665, 0, 0, 0, 7.53942e-05, 11945
1301, 0.0130837, 0.133236, 0, 0, 0, -5.71004e-05, 13060
1302, 0.0157751, 0.101519, 0, 0, 0, -0.000200935, 11950
1311, -0.00658117, 0.187204, 0, 0, 0, 0.000117344, 12354
1312, -0.0048846, 0.162264, 0, 0, 0, 9.59298e-05, 12265
1321, 0.00994211, 0.237795, 0, 0, 0, -0.000117348, 13597
1322, 0.00857174, 0.210926, 0, 0, 0, -8.19223e-05, 13782
1331, -0.00387655, 0.283973, 0, 0, 0, -0.000274094, 11767
1332, -0.00582178, 0.301823, 0, 0, 0, -0.000222393, 11734
1341, 0.000737199, 0.126406, 0, 0, 0, -6.12678e-06, 13174
1342, 0.000971764, 0.188616, 0, 0, 0, -8.19905e-05, 11950
1351, 0.0147572, -0.0217204, 0, 0, 0, 4.42236e-05, 10879
1352, 0.0084817, 0.0595428, 0, 0, 0, 0.000149241, 11926
1361, -0.0188084, 0.0483091, 0, 0, 0, 9.47579e-05, 9138
1362, -0.0150032, 0.0210086, 0, 0, 0, -1.55627e-05, 12879
