-1011, -0.64907, 0.196382, 0, 0, 0, 0.00134975, 8753
-1012, -0.665743, 0.209567, 0, 0, 0, 0.0012994, 8775
-1021, 0.616933, 0.0884592, 0, 0, 0, -0.00140759, 10018
-1022, 0.634189, 0.0626336, 0, 0, 0, -0.00167752, 9953
-1031, -0.668492, 0.0755324, 0, 0, 0, 0.00106412, 8518
-1032, -0.662371, 0.0478922, 0, 0, 0, 0.001094, 8460
-1041, 0.572917, 0.0342936, 0, 0, 0, -0.00123853, 7913
-1042, 0.560637, -0.0299287, 0, 0, 0, -0.00100711, 8288
-1051, -0.655006, -0.0515239, 0, 0, 0, 0.00128171, 8380
-1052, -0.645522, -0.0475668, 0, 0, 0, 0.00132764, 8698
-1091, -0.472011, -0.0817438, 0, 0, 0, 0.00141524, 9144
-1092, -0.46588, -0.0595316, 0, 0, 0, 0.0014637, 9280
-1101, 0.367696, -0.123092, 0, 0, 0, -0.00118469, 10114
-1102, 0.380408, -0.209697, 0, 0, 0, -0.00152698, 10385
-1111, -0.320289, -0.176086, 0, 0, 0, 0.00100246, 9378
-1112, -0.312855, -0.210012, 0, 0, 0, 0.000962575, 9359
-1121, 0.217603, -0.134859, 0, 0, 0, -8.82594e-05, 10626
-1122, 0.210725, -0.187279, 0, 0, 0, -4.40545e-06, 10436
-1131, -0.256698, -0.200567, 0, 0, 0, 0.000979009, 9251
-1132, -0.253458, -0.203683, 0, 0, 0, 0.000973521, 9485
-1141, 0.0963485, -0.162332, 0, 0, 0, -0.000599314, 10498
-1142, 0.0924892, -0.18917, 0, 0, 0, -0.000421567, 10452
-1151, -0.0909233, -0.247212, 0, 0, 0, 0.000678344, 4988
-1152, -0.104946, -0.228205, 0, 0, 0, 0.000869236, 9179
-1161, -0.00801969, -0.104062, 0, 0, 0, -0.000527638, 9684
-1162, -0.00167543, -0.136794, 0, 0, 0, -0.00034741, 10268
-1171, -0.0388299, -0.176929, 0, 0, 0, 0.00162007, 9461
-1172, -0.0305196, -0.208461, 0, 0, 0, 0.00184842, 9435
-1181, -0.0593979, -0.127535, 0, 0, 0, -0.000720937, 10610
-1182, -0.0788274, -0.138535, 0, 0, 0, -0.000745547, 10521
-1191, 0.0227596, -0.117985, 0, 0, 0, 0.0014377, 9169
-1192, 0.031418, -0.0787114, 0, 0, 0, 0.00159833, 9456
-1201, -0.0700486, -0.0328417, 0, 0, 0, -0.00104762, 10802
-1202, -0.07647, 0.0145422, 0, 0, 0, -0.00108299, 10917
-1211, 0.0799849, -0.0225593, 0, 0, 0, 0.00120309, 8883
-1212, 0.0857556, 0.0445048, 0, 0, 0, 0.00120549, 9395
-1221, -0.110758, 0.0386004, 0, 0, 0, -0.00050306, 7402
-1222, -0.100696, 0.189321, 0, 0, 0, -0.000666941, 10637
-1231, 0.0105677, 0.151602, 0, 0, 0, 0.00110357, 8869
-1232, -0.00207532, 0.108519, 0, 0, 0, 0.00134782, 9543
-1241, -0.0672605, 0.175672, 0, 0, 0, -0.000991602, 10348
-1242, -0.0155146, 0.178753, 0, 0, 0, -0.00103557, 10811
-1251, -0.0287108, 0.263097, 0, 0, 0, 0.00113322, 7282
-1252, -0.0298956, 0.250514, 0, 0, 0, 0.00102766, 8244
-1261, -0.00168004, 0.216206, 0, 0, 0, -0.000681693, 9455
-1262, -0.00115322, 0.296968, 0, 0, 0, -0.000311207, 9389
-1271, -0.0861055, 0.306984, 0, 0, 0, 0.00133546, 7985
-1272, -0.106028, 0.365563, 0, 0, 0, 0.00159106, 8236
-1281, 0.125321, 0.325777, 0, 0, 0, -0.000581583, 8160
-1282, 0.0992884, 0.260412, 0, 0, 0, -0.000297399, 9232
-1291, -0.213589, 0.349649, 0, 0, 0, 0.00158782, 7814
-1292, -0.229293, 0.391906, 0, 0, 0, 0.00155959, 8063
-1301, 0.248751, 0.247775, 0, 0, 0, -0.000809938, 8730
-1302, 0.24643, 0.234271, 0, 0, 0, -0.000787524, 9017
-1311, -0.322014, 0.327001, 0, 0, 0, 0.00124288, 9537
-1312, -0.332558, 0.30197, 0, 0, 0, 0.00116185, 9518
-1321, 0.357597, 0.322922, 0, 0, 0, -0.000458746, 10366
-1322, 0.359092, 0.333367, 0, 0, 0, -0.000408832, 10270
-1331, -0.49752, 0.290576, 0, 0, 0, 0.00112629, 8415
-1332, -0.525545, 0.238623, 0, 0, 0, 0.00107651, 9178
-1341, 0.507189, -0.32263, 0, 0, 0, -0.00150346, 382
-1342, 0.499224, 0.229441, 0, 0, 0, -0.00114901, 10299
-1351, -0.624698, 0.20178, 0, 0, 0, 0.00107395, 8806
-1352, -0.615137, 0.184564, 0, 0, 0, 0.0011279, 8716
-1361, 0.585219, 0.157797, 0, 0, 0, -0.00151631, 9789
-1362, 0.594737, 0.110449, 0, 0, 0, -0.00133626, 10087
1011, 0.439624, 0.282933, 0, 0, 0, -0.000326339, 9384
1012, 0.429985, 0.314163, 0, 0, 0, -4.42544e-05, 9370
1021, -0.362581, 0.0890501, 0, 0, 0, 0.000184141, 10464
1022, -0.375003, 0.108203, 0, 0, 0, 0.000125699, 10551
1031, 0.48805, 0.151632, 0, 0, 0, -0.000223247, 8911
1032, 0.492777, 0.17879, 0, 0, 0, -0.000174776, 8777
1041, -0.404913, 0.17815, 0, 0, 0, 0.000340205, 10331
1042, -0.413616, 0.190479, 0, 0, 0, 0.000582941, 10458
1051, 0.526669, -0.127858, 0, 0, 0, -0.000836264, 6186
1052, 0.527757, -0.0396554, 0, 0, 0, -0.000848958, 8986
1061, -0.381556, 0.027815, 0, 0, 0, 2.83632e-05, 10345
1062, -0.395794, 0.0435404, 0, 0, 0, 0.000260812, 10475
1071, 0.399808, -0.130511, 0, 0, 0, -0.000118286, 9221
1072, 0.402093, -0.117401, 0, 0, 0, -0.000214249, 9258
1081, -0.34627, -0.156208, 0, 0, 0, 0.000234858, 10504
1082, -0.344063, -0.0616791, 0, 0, 0, 2.2914e-07, 10507
1091, 0.27403, -0.219162, 0, 0, 0, -0.000340839, 9033
1092, 0.275089, -0.191063, 0, 0, 0, -0.000368733, 8950
1102, -0.13677, -0.215174, 0, 0, 0, 5.00335e-05, 9635
1111, 0.150895, -0.184525, 0, 0, 0, -0.00011451, 8839
1112, 0.16599, -0.220852, 0, 0, 0, -0.000131762, 9058
1121, -0.0593542, -0.232268, 0, 0, 0, -0.000585829, 7449
1122, -0.0748221, -0.13842, 0, 0, 0, -0.000598494, 9848
1131, -0.00671993, -0.206961, 0, 0, 0, 0.000207037, 8399
1132, -0.00152891, -0.223176, 0, 0, 0, 0.00011794, 8386
1141, 0.113113, -0.205247, 0, 0, 0, -0.000796698, 7971
1142, 0.122813, -0.128315, 0, 0, 0, -0.00103195, 8883
1151, -0.0313124, -0.244219, 0, 0, 0, -0.00111789, 6385
1152, -0.0348847, -0.277405, 0, 0, 0, -0.000720311, 6336
1161, 0.175966, -0.117058, 0, 0, 0, 0.000413254, 9044
1162, 0.181203, -0.0924023, 0, 0, 0, 0.000244483, 9148
1171, -0.24615, -0.185108, 0, 0, 0, -0.000121939, 7062
1172, -0.247762, -0.189577, 0, 0, 0, -0.000262665, 8163
1181, 0.413834, -0.0155924, 0, 0, 0, -0.00103285, 8959
1182, 0.401755, -0.0645042, 0, 0, 0, -0.000825445, 9059
1191, -0.361029, -0.13047, 0, 0, 0, -0.00036381, 8448
1192, -0.361624, -0.127633, 0, 0, 0, -0.000358855, 8411
1201, 0.3669, -0.14469, 0, 0, 0, -9.01697e-05, 9689
1202, 0.363071, -0.116807, 0, 0, 0, 6.30823e-05, 9942
1211, -0.432314, -0.0281149, 0, 0, 0, 1.08802e-05, 8733
1212, -0.442426, 0.0499339, 0, 0, 0, -5.55973e-05, 8688
1221, 0.433183, 0.0327388, 0, 0, 0, -0.000705652, 9747
1222, 0.450142, 0.0638619, 0, 0, 0, -0.000738879, 9870
1231, -0.466746, 0.114973, 0, 0, 0, 0.000228727, 7809
1232, -0.468126, 0.073292, 0, 0, 0, 0.00059401, 7973
1241, 0.430241, 0.125675, 0, 0, 0, -0.000121378, 8345
1242, 0.43075, 0.113167, 0, 0, 0, -0.000117473, 8279
1251, -0.398957, 0.205507, 0, 0, 0, -0.000202421, 9028
1252, -0.395745, 0.235208, 0, 0, 0, -0.000132124, 9023
1261, 0.341301, 0.232617, 0, 0, 0, 6.03803e-05, 4633
1262, 0.342011, 0.254204, 0, 0, 0, -4.59915e-05, 8532
1271, -0.299577, 0.278655, 0, 0, 0, -0.000474192, 9161
1272, -0.298442, 0.255285, 0, 0, 0, -0.000327064, 9356
1281, 0.237527, 0.280582, 0, 0, 0, -0.000241299, 10412
1282, 0.258852, 0.315086, 0, 0, 0, -0.000277275, 10403
1291, -0.133149, 0.449029, 0, 0, 0, 4.75535e-05, 9537
1292, -0.114567, 0.35989, 0, 0, 0, -9.43829e-05, 9547
1301, 0.0963435, 0.476351, 0, 0, 0, -3.1671e-05, 10596
1302, 0.08887, 0.491421, 0, 0, 0, -0.000280628, 10573
1311, 0.0329464, 0.418873, 0, 0, 0, -0.000137949, 8280
1312, 0.0119988, 0.400602, 0, 0, 0, -7.83752e-05, 9352
1321, -0.0650002, 0.351351, 0, 0, 0, 3.83304e-05, 10530
1322, -0.0698855, 0.357141, 0, 0, 0, 6.03628e-05, 10672
1331, 0.180632, 0.165987, 0, 0, 0, -0.000552454, 9260
1332, 0.182783, 0.206202, 0, 0, 0, -0.000488266, 9460
1341, -0.151671, 0.445973, 0, 0, 0, -0.000222941, 5783
1342, -0.149429, 0.431421, 0, 0, 0, -0.000345418, 9797
1351, 0.286717, 0.288509, 0, 0, 0, -0.000386557, 9045
1352, 0.290603, 0.289902, 0, 0, 0, -3.40495e-05, 9196
1361, -0.278026, 0.178896, 0, 0, 0, 0.000241581, 7315
1362, -0.271533, 0.225046, 0, 0, 0, 0.000114658, 9907
